{
    "avg_prec": 0.5783386913407477,
    "roc_auc": 0.9411565708064676
}