{
    "avg_prec": 0.5585856669631841,
    "roc_auc": 0.9301030030743753
}